Id,OwnerId,IsDeleted,Name,CreatedDate,CreatedById,LastModifiedDate,LastModifiedById,SystemModstamp,LastActivityDate,LastViewedDate,LastReferencedDate,sustain_app__Contact__c,sustain_app__RenewableEnergyProjectName__c,sustain_app__TypeOfRenewableEnergyProject__c
a0I1h000007wqopEAA,0051h0000064LyPAAU,,Xcel Energy,2021-03-29T18:33:45.000+0000,0051h0000064LyPAAU,2021-03-29T18:33:45.000+0000,0051h0000064LyPAAU,2021-03-29T18:33:45.000+0000,,2021-03-29T18:33:45.000+0000,2021-03-29T18:33:45.000+0000,a051h000001qfNLAAY,,
a0I1h000007wqoqEAA,0051h0000064LyPAAU,,Constellation Energy,2021-03-29T18:33:45.000+0000,0051h0000064LyPAAU,2021-03-29T20:02:29.000+0000,0051h0000064LyPAAU,2021-03-29T20:02:29.000+0000,,2021-03-29T18:33:45.000+0000,2021-03-29T18:33:45.000+0000,a051h000001qfNLAAY,,
a0I1h000007wqorEAA,0051h0000064LyPAAU,,PG&E,2021-03-29T18:33:45.000+0000,0051h0000064LyPAAU,2021-03-29T20:02:29.000+0000,0051h0000064LyPAAU,2021-03-29T20:02:29.000+0000,,2021-03-29T18:33:45.000+0000,2021-03-29T18:33:45.000+0000,a051h000001qfNKAAY,,
a0I1h000007wqosEAA,0051h0000064LyPAAU,,Five Winds Projects LLC,2021-03-29T18:33:45.000+0000,0051h0000064LyPAAU,2021-03-29T20:10:49.000+0000,0051h0000064LyPAAU,2021-03-29T20:10:49.000+0000,,2021-03-29T20:10:49.000+0000,2021-03-29T20:10:49.000+0000,a051h000001qfNKAAY,,
a0I1h000007wqotEAA,0051h0000064LyPAAU,,"RCE, Inc.",2021-03-29T18:33:45.000+0000,0051h0000064LyPAAU,2021-03-29T18:33:45.000+0000,0051h0000064LyPAAU,2021-03-29T18:33:45.000+0000,,2021-03-29T18:33:45.000+0000,2021-03-29T18:33:45.000+0000,a051h000001qfNMAAY,,
a0I1h000007wqv7EAA,0051h0000064LyPAAU,,ABC Parking,2021-03-29T20:02:29.000+0000,0051h0000064LyPAAU,2021-03-29T20:02:29.000+0000,0051h0000064LyPAAU,2021-03-29T20:02:29.000+0000,,,,,,
a0I1h000007wqv9EAA,0051h0000064LyPAAU,,Good Freight Co,2021-03-29T20:02:29.000+0000,0051h0000064LyPAAU,2021-03-29T20:02:29.000+0000,0051h0000064LyPAAU,2021-03-29T20:02:29.000+0000,,,,,,
a0I1h000007wqvAEAQ,0051h0000064LyPAAU,,Green Fields Media,2021-03-29T20:02:29.000+0000,0051h0000064LyPAAU,2021-03-29T20:02:29.000+0000,0051h0000064LyPAAU,2021-03-29T20:02:29.000+0000,,,,,,
a0I1h000007wqvBEAQ,0051h0000064LyPAAU,,Gusto Sound and Audio,2021-03-29T20:02:29.000+0000,0051h0000064LyPAAU,2021-03-29T20:02:29.000+0000,0051h0000064LyPAAU,2021-03-29T20:02:29.000+0000,,,,,,
a0I1h000007wqvCEAQ,0051h0000064LyPAAU,,Harmon Consulting,2021-03-29T20:02:29.000+0000,0051h0000064LyPAAU,2021-03-29T20:02:29.000+0000,0051h0000064LyPAAU,2021-03-29T20:02:29.000+0000,,,,,,
a0I1h000007wqvDEAQ,0051h0000064LyPAAU,,Jones Corp,2021-03-29T20:02:29.000+0000,0051h0000064LyPAAU,2021-03-29T20:02:29.000+0000,0051h0000064LyPAAU,2021-03-29T20:02:29.000+0000,,,,,,
a0I1h000007wqvEEAQ,0051h0000064LyPAAU,,Office Print & Ship Services,2021-03-29T20:02:29.000+0000,0051h0000064LyPAAU,2021-03-29T20:02:29.000+0000,0051h0000064LyPAAU,2021-03-29T20:02:29.000+0000,,,,,,
a0I1h000007wqvFEAQ,0051h0000064LyPAAU,,Red Studio Designs,2021-03-29T20:02:29.000+0000,0051h0000064LyPAAU,2021-03-29T20:02:29.000+0000,0051h0000064LyPAAU,2021-03-29T20:02:29.000+0000,,,,,,
a0I1h000007wqvGEAQ,0051h0000064LyPAAU,,Roseburg Products Co,2021-03-29T20:02:29.000+0000,0051h0000064LyPAAU,2021-03-29T20:02:29.000+0000,0051h0000064LyPAAU,2021-03-29T20:02:29.000+0000,,,,,,
a0I1h000007wqvHEAQ,0051h0000064LyPAAU,,Styles and Sound Inc.,2021-03-29T20:02:29.000+0000,0051h0000064LyPAAU,2021-03-29T20:02:29.000+0000,0051h0000064LyPAAU,2021-03-29T20:02:29.000+0000,,,,,,
a0I1h000007wqvIEAQ,0051h0000064LyPAAU,,Tech Labs,2021-03-29T20:02:29.000+0000,0051h0000064LyPAAU,2021-03-29T20:02:29.000+0000,0051h0000064LyPAAU,2021-03-29T20:02:29.000+0000,,,,,,
